29200090110026,77.7663893928,12.8726720231,School
8887,77.6944427490234,12.7902812957764,Block
8939,77.5101165771484,13.1945457458496,Cluster
8953,77.5815277099609,13.1726512908936,Cluster
8896,77.6918411254883,13.1163997650146,Cluster
8932,77.6504974365234,13.1806764602661,Cluster
8924,77.478660583496,13.1460447311401,Cluster
8966,77.6023025512695,13.1066856384277,Cluster
8915,77.5008544921875,13.1052722930908,Cluster
8906,77.5857391357422,13.0651216506958,Cluster
8962,77.5548934936523,13.10573387146,Cluster
8959,77.7351303100585,13.0701847076416,Cluster
8940,77.6791458129883,13.096305847168,Cluster
8958,77.5357284545898,13.0809993743896,Cluster
8954,77.666748046875,13.0394020080566,Cluster
8904,77.4796676635742,13.056676864624,Cluster
3221,77.3972244262695,12.9770994186401,Cluster
8952,77.4615783691406,13.0423784255981,Cluster
8897,77.7557907104492,12.9896011352539,Cluster
8905,77.551155090332,13.0458488464355,Cluster
3118,77.5934524536133,13.0392293930054,Cluster
8945,77.5314178466797,13.0277557373047,Cluster
8931,77.5583724975585,13.0278148651123,Cluster
8898,77.6005401611328,13.0289678573608,Cluster
8913,77.4656219482422,13.0295867919922,Cluster
8933,77.6975784301758,13.0032167434692,Cluster
8934,77.6412734985352,13.013087272644,Cluster
8917,77.6188278198242,13.019700050354,Cluster
8930,77.54296875,13.0115880966187,Cluster
8908,77.6349258422852,13.0076017379761,Cluster
3218,77.5300445556641,13.0038385391235,Cluster
3030,77.5599822998047,12.9752244949341,Cluster
8957,77.5510864257812,12.9957904815674,Cluster
8948,77.6132431030273,12.9754390716553,Cluster
8916,77.7181701660156,12.9836120605469,Cluster
8925,77.6663970947266,12.9698696136475,Cluster
8914,77.5752105712891,12.9772548675537,Cluster
8922,77.5446014404297,12.9806089401245,Cluster
8927,77.4791259765625,12.9115676879883,Cluster
8894,77.5186080932617,12.9871435165405,Cluster
8947,77.6811599731445,12.9436092376709,Cluster
8920,77.5338897705078,12.9725847244263,Cluster
8901,77.3823471069335,12.8928718566895,Cluster
8912,77.6226272583008,12.9648122787476,Cluster
8963,77.713752746582,12.9169006347656,Cluster
8921,77.5955200195312,12.9642696380615,Cluster
8911,77.5209197998047,12.9585456848145,Cluster
8928,77.5796051025391,12.9623937606812,Cluster
8892,77.5487060546875,12.955735206604,Cluster
8902,77.5758590698242,12.9501304626465,Cluster
8937,77.6210098266602,12.9137649536133,Cluster
8943,77.5513458251953,12.9452514648438,Cluster
8919,77.5678863525391,12.9258995056152,Cluster
8903,77.6005477905273,12.9249887466431,Cluster
8964,77.7827072143555,12.8949241638184,Cluster
8929,77.5847625732422,12.9044637680054,Cluster
8944,77.6521606445312,12.8540306091309,Cluster
8956,77.5533142089844,12.9065752029419,Cluster
8950,77.5362319946289,12.8844861984253,Cluster
8893,77.6111755371094,12.8745193481445,Cluster
9034,77.4563293457031,12.8910617828369,Cluster
8960,77.7165603637695,12.8445844650269,Cluster
8967,77.780418395996,12.8225288391113,Cluster
8918,77.5874786376953,12.8250007629395,Cluster
8949,77.688621520996,12.8187456130981,Cluster
1779,77.6033782958984,12.7478542327881,Cluster
8926,77.7107925415039,12.753173828125,Cluster
8955,77.6623916625977,12.7827024459839,Cluster
8909,77.7677459716797,12.7524356842041,Cluster
8935,77.654914855957,12.6985578536987,Cluster
8899,77.7196044921875,12.7012710571289,Cluster
29200070080004,77.6346731185913,13.0594961144771,School
29200070080010,77.6628684997559,13.0321120740272,School
29200070010006,77.7699851989746,13.0334081809305,School
29200070060020,77.6576328277588,13.0840764538155,School
29200060010007,77.6921367645264,13.1696286620871,School
29200010020012,77.3832750320435,12.9081562774741,School
29200070020005,77.7473902702332,12.8833075197736,School
29200080070004,77.6085269451141,13.0028433384107,School
29200050010005,77.5704288482666,13.0083628500947,School
29200060020001,77.6035165786743,13.066770143402,School
29200010080002,77.5766623020172,12.8893003120716,School
29200050010010,77.5930023193359,13.0436931756828,School
29200050010013,77.5948047637939,13.0443621036207,School
29200060070011,77.433443069458,13.1060629121637,School
29200060020026,77.5869512557983,13.0555663775366,School
29200060110015,77.6037740707397,13.1104098121473,School
29200050010014,77.6052761077881,13.0383416870523,School
29200060110011,77.5755786895751,13.1124160477745,School
29200050010009,77.6038599014282,13.0398886136302,School
29200090100001,77.7570356805,12.8790332876,School
29200090110001,77.8022743049,12.827162951,School
29200090040001,77.7502753443,12.8156792143,School
29200090020001,77.7700268035,12.7784183534,School
29200090090001,77.7114592017,12.8707357673,School
29200090040002,77.7346336956,12.7847858049,School
29200050010008,77.598602771759,13.0380072151692,School
29200090020002,77.7868913665,12.7535914182,School
29200090030001,77.5802987515,12.8140074823,School
29200050010004,77.602937221527,13.0307741501056,School
29200090030002,77.6039346066,12.7939065029,School
29200050010016,77.6053619384766,13.0302097112825,School
29200090020003,77.7265598315,12.7316768966,School
29200050010002,77.5628972053528,13.0182307617933,School
29200050010011,77.5628328323364,13.0185025419382,School
29200090110002,77.7859209028,12.8055334667,School
29200050030002,77.575900554657,12.9792585877782,School
29200090030003,77.5630042439,12.8195127711,School
29200090060001,77.6314096754,12.8268070618,School
29200090070001,77.6978394679,12.8161449218,School
29200090090002,77.7035409811,12.8396636457,School
29200090040003,77.7008348277,12.7527781804,School
29200090030004,77.5492822649,12.8176884889,School
29200090070002,77.70335821,12.8028063465,School
29200090050001,77.6427222392,12.7050768796,School
29200090020004,77.7725401723,12.7471811629,School
29200090010001,77.696201574,12.7138028025,School
29200090010002,77.6905244064,12.7125758041,School
29200090100002,77.7526381974,12.8788891587,School
29200090010003,77.732727134,12.679817797,School
29200050030001,77.5754284858704,12.9770212655571,School
29200050030004,77.5750207901,12.9775858254,School
29200060060003,77.5212049484252,13.1857995662904,School
29200040090001,77.5519001483917,12.9813286156374,School
29200070020011,77.6633512973785,12.9026450025247,School
29200070010007,77.7650928497314,13.0097427088246,School
29200060020010,77.6183652877808,13.0638856403286,School
29200050030003,77.5755572319031,12.9909048837477,School
29200050050009,77.5711154937744,13.0010243815224,School
29200070060002,77.6717519760132,13.0687767343577,School
29200030070007,77.6485776901245,12.9092438771538,School
29200060020015,77.627420425415,13.0819445826044,School
29200010050020,77.5000691413879,12.919073890318,School
29200070060001,77.6675033569335,13.0552319289533,School
29200010060001,77.4670457839966,12.9427898182708,School
29200050030005,77.5743770599365,12.9813286156374,School
29200040020001,77.4888896942139,13.0504450840034,School
29200050030006,77.5751280784606,12.9814958898631,School
29200010030007,77.401374578476,12.9638896602433,School
29200040020002,77.5057983398438,13.0465779144908,School
29200060110001,77.5831317901611,13.1423404520702,School
29200060060020,77.4953269958496,13.1978748155472,School
29200080030003,77.5966930389404,13.0010452891486,School
29200040020026,77.5108623504639,13.0269693894385,School
29200090110003,77.7655794985,12.825893854,School
29200040020017,77.4703073501587,13.0234154393095,School
29200080030007,77.5851488113403,13.0199868743926,School
29200090080001,77.6549711966,12.7635997394,School
29200040020025,77.5106906890869,13.0370456059866,School
29200080030005,77.6134729385375,13.0199241562998,School
29200080030004,77.6170456409454,13.0157742738862,School
29200080030012,77.6171636581421,13.0160251503632,School
29200040020020,77.4606943130493,13.0553155411416,School
29200080030011,77.6183331012726,13.0175722163602,School
29200090060002,77.6225896244,12.7878875396,School
29200040020016,77.4671745300292,13.0501315319722,School
29200040020018,77.4698352813721,13.0621716442807,School
29200040020022,77.4622821807861,13.069863630981,School
29200040020023,77.4909496307373,13.0530580021278,School
29200020050012,77.5769090652466,12.9550756225153,School
29200020050013,77.5760507583618,12.9555252191797,School
29200040020009,77.4989748001099,13.0368365600176,School
29200040020024,77.4868297576904,13.044173967821,School
29200020050010,77.5863718986511,12.9542287056643,School
29200040020019,77.4790620803833,13.0535805824377,School
29200020050011,77.5846123695374,12.9541868825353,School
29200020050001,77.584376335144,12.9546678480947,School
29200020050015,77.5789046287537,12.9629904963106,School
29200090070003,77.6751368159,12.8276972341,School
29200020050016,77.575364112854,12.9648306422758,School
29200020050002,77.5767374038696,12.9669844322028,School
29200040020012,77.4805855751038,13.0531625182782,School
29200040020006,77.4562525749207,13.0635303006621,School
29200020050006,77.5673174858093,12.9647469995726,School
29200020050008,77.5700211524963,12.9664198482966,School
29200020050004,77.5704073905945,12.966817148216,School
29200090070004,77.707966413,12.8186865561,School
29200090080002,77.6719442889,12.7885117699,School
29200090060003,77.6394063205,12.8199405941,School
29200090070005,77.7036671686,12.7874621694,School
29200090050002,77.6369991981,12.7293227483,School
29200090110004,77.7895689951,12.8804781026,School
29200020050019,77.5698280334473,12.9613385355035,School
29200020050017,77.5703001022339,12.9616312888508,School
29200070080003,77.6356172561646,13.0641782726112,School
29200020050018,77.5636267662048,12.9632832477151,School
29200020050005,77.5630903244019,12.9629068529889,School
29200020050009,77.5644207000732,12.9649770169389,School
29200020050014,77.5657618045807,12.965039748911,School
29200020050007,77.5673604011536,12.968824548635,School
29200020050003,77.5677895545959,12.9691800241045,School
29200070060009,77.6775884628296,13.0651397762405,School
29200060010012,77.6849269866943,13.1657006843064,School
29200020040007,77.570493221283,12.971731068454,School
29200070070014,77.6996254920959,12.9574072429181,School
29200070070007,77.7015352249146,12.9583482494536,School
29200070070017,77.7022862434387,12.9588919404976,School
29200070070009,77.7065992355347,12.9584528055157,School
29200020040011,77.5352382659912,12.9720656297068,School
29200020040005,77.5356030464172,12.9720238095748,School
29200070070013,77.7164483070374,12.9614430903099,School
29200100010012,77.605447769165,12.9808477016114,School
29200070070015,77.7444934844971,12.982499532853,School
29200070070008,77.7543425559998,12.9789449456896,School
29200070020012,77.6823949813843,12.8869053040808,School
29200070070016,77.6793050765991,12.9414514132279,School
29200070010013,77.7442359924316,12.9979509413123,School
29200010010017,77.4416184425354,12.8666147981796,School
29200070070011,77.6578903198242,12.9423715674667,School
29200010030004,77.380485534668,12.964914284951,School
29200070070003,77.6518392562866,12.9441282161287,School
29200070070005,77.7006769180298,12.952681245215,School
29200070070006,77.7112984657288,12.9501718294592,School
29200070100016,77.7600288391113,12.9708528430243,School
29200010080004,77.5647640228271,12.8889865568701,School
29200010080011,77.519359588623,12.8173041252751,School
29200060070008,77.4730968475342,13.0732915043608,School
29200060080014,77.549786567688,13.1449732907634,School
29200020040002,77.5806212425231,12.9676953878921,School
29200020040006,77.5811576843262,12.9663989377569,School
29200020040013,77.5778532028198,12.9671726265535,School
29200020040004,77.5592708587646,12.9676953878921,School
29200010030032,77.400484085083,12.9650711148911,School
29200010050006,77.522599697113,12.9801576929054,School
29200020040003,77.537899017334,12.9783176603254,School
29200020040014,77.5373196601868,12.9791958593921,School
29200010050010,77.5071287155151,12.9699327940104,School
29200020040012,77.5356137752532,12.978788124497,School
29200020040010,77.5276637077332,12.9829908982556,School
29200020040008,77.5273096561432,12.9821127125973,School
29200010050001,77.4900913238525,12.926728483738,School
29200010050002,77.4870872497559,12.9381890208384,School
29200010050003,77.48854637146,12.9391091871157,School
29200030030024,77.6123142242432,12.9539359436139,School
29200030030012,77.6119709014893,12.9537686508592,School
29200010050005,77.5030088424683,12.9603138960767,School
29200060110005,77.5625324249268,13.1256233570856,School
29200090110005,77.7603800922,12.7994451784,School
29200090060004,77.6220931012,12.7704886543,School
29200090070006,77.6924351511,12.8303953481,School
29200090030005,77.5520355737,12.828537244,School
29200030030002,77.6386642456055,12.9653638638483,School
29200010050009,77.5003480911255,12.9608575828283,School
29200010050012,77.5163555145264,12.9764567044323,School
29200010050013,77.4953269958496,12.8595022734551,School
29200030030025,77.6135587692261,12.9614640012659,School
29200030010010,77.6208114624023,12.8485402230326,School
29200030030006,77.6143097877502,12.9618403981739,School
29200030030019,77.6157903671265,12.9605857396009,School
29200070020018,77.7486562728882,12.8829519220068,School
29200080050009,77.6461744308472,13.0087600829403,School
29200070060012,77.662010192871,13.0603322206542,School
29200060020002,77.5941610336304,13.0652233850748,School
29200060020011,77.5745916366577,13.0602068049081,School
29200070060008,77.6806354522705,13.054855673756,School
29200030030015,77.6194381713867,12.9706646514574,School
29200060070022,77.422456741333,13.1098246570073,School
29200010050021,77.4830639362335,12.9100804890721,School
29200030030007,77.6190948486328,12.971229225731,School
29200060020028,77.6183652877808,13.0297288920108,School
29200030030021,77.6190733909606,12.9712083155956,School
29200010050025,77.5027942657471,12.8769276007856,School
29200010050026,77.3943042755126,12.8249409038791,School
29200030030017,77.6302528381348,12.9705391903337,School
29200010090002,77.5520181655884,12.9103837602011,School
29200030030022,77.6304888725281,12.9706855616385,School
29200030030004,77.6304244995117,12.9707482921714,School
29200030030023,77.629952430725,12.9712083155956,School
29200030070017,77.6506805419922,12.9033456836885,School
29200060110009,77.5668239593506,13.1367403520269,School
29200030030003,77.631196975708,12.9393601409657,School
29200030030010,77.6324415206909,12.9356794591912,School
29200030030009,77.6198029518127,12.9447346752923,School
29200090020005,77.719090427,12.7263485818,School
29200030030018,77.6196098327637,12.9448810617659,School
29200030030005,77.6231718063354,12.9533504184809,School
29200010050029,77.4857783317566,12.926728483738,School
29200030030014,77.6235151290894,12.9535595347578,School
29200070010004,77.7517890930176,13.0185234480908,School
29200030030016,77.6234722137451,12.9536640928305,School
29200070100018,77.741060256958,12.9292799627266,School
29200010050030,77.4858427047729,12.9269376223413,School
29200030030011,77.6397371292114,12.9626977445618,School
29200090070007,77.6925201045,12.8024285692,School
29200030030001,77.6349306106567,12.9698909735199,School
29200010050032,77.4786329269409,12.8733924282017,School
29200030030008,77.6246953010559,12.970120986131,School
29200010050011,77.5034379959106,12.9896712804034,School
29200040020014,77.4963998794556,13.0624642785945,School
29200040020007,77.4779033660889,13.0535387760536,School
29200040020027,77.4823021888733,13.0485846694643,School
29200040020013,77.4922800064087,13.0403276045458,School
29200040020011,77.4716377258301,13.0499643040597,School
29200090060005,77.6335471189,12.7628651393,School
29200090060006,77.627549478,12.8043529516,School
29200040020010,77.5149393081665,13.0222029034814,School
29200050010012,77.5825095176697,12.9964455689567,School
29200090060007,77.6151697652,12.7962486147,School
29200090060008,77.6126137521,12.753794967,School
29200090100003,77.8097485175,12.9104204844,School
29200070050005,77.7074575424194,13.0154711311377,School
29200090010004,77.7211343505,12.7022172576,School
29200090080003,77.6772883678,12.7621925362,School
29200090030006,77.6066157485,12.8049543785,School
29200090020006,77.7519092372,12.7671600597,School
29200060010011,77.7027797698975,13.1678318290055,School
29200010030005,77.4454593658447,13.0183561988203,School
29200070010002,77.7559947967529,13.0033869321343,School
29200030010012,77.6125288009644,12.8877419906984,School
29200050050001,77.559700012207,13.024878836715,School
29200030030013,77.6191592216492,12.9711874054584,School
29200070100017,77.741231918335,12.9292799627266,School
29200050010001,77.5826382637024,12.9965501089986,School
29200050050011,77.5604724884033,13.0256314377283,School
29200070040012,77.6514101028442,12.9626141011417,School
29200020020001,77.5627899169922,12.956926282649,School
29200010010018,77.4423694610596,12.868748516276,School
29200010080005,77.5670170783997,12.8905448704975,School
29200010080014,77.5129866600037,12.8157767417596,School
29200060020021,77.6363897323608,13.0941085413702,School
29200010060003,77.4502015113831,12.9390882742835,School
29200040040004,77.5269556045532,12.9883749448632,School
29200040040003,77.544207572937,12.9794258633969,School
29200040040005,77.5504732131958,12.9782549317019,School
29200040040001,77.5518035888672,12.9805967895763,School
29200040070003,77.520604133606,13.0133804813981,School
29200040070001,77.5232648849487,13.0160983226212,School
29200040070005,77.5243806838989,13.0196105655976,School
29200040070007,77.5200033187866,13.0234154393095,School
29200040070002,77.5390577316284,13.0250460815823,School
29200040070010,77.5358390808105,13.0305232885653,School
29200040070008,77.533392906189,13.0298125128207,School
29200040070004,77.517192363739,13.0101190326002,School
29200080070008,77.6118850708008,12.9892531083877,School
29200010090008,77.537362575531,12.9014423362497,School
29200040060001,77.539529800415,13.0034705618322,School
29200040060006,77.5407743453979,13.0064393978438,School
29200040060005,77.530345916748,12.9973237039403,School
29200040060004,77.5326204299927,13.0040559689283,School
29200040060002,77.5352382659912,13.0048922623836,School
29200040060003,77.5381994247437,13.0035960063262,School
29200060110010,77.569055557251,13.1308893647819,School
29200040090002,77.5606656074524,12.9941352227946,School
29200040090004,77.5518035888672,13.0065648408365,School
29200040090003,77.5448083877563,13.0015470716487,School
29200070030004,77.693338394165,12.9980345728421,School
29200040090007,77.5473618507385,12.9907585243493,School
29200040090005,77.5461387634277,12.9951074525326,School
29200080060004,77.5956201553345,12.9920548474487,School
29200080060011,77.5942468643188,12.9910094261224,School
29200090030007,77.5988728582,12.8063653441,School
29200090010005,77.7663798539,12.7208405524,School
29200070030009,77.6778888702393,12.9970728085477,School
29200090040005,77.7124100618,12.7614344366,School
29200090060009,77.6567568036,12.8293416981,School
29200090020007,77.7462951266,12.7536218179,School
29200070030003,77.7020502090454,12.9985781770993,School
29200090100005,77.8217943647,12.8934025803,School
29200070030013,77.7129077911376,12.9913021445374,School
29200040050002,77.5466966629028,13.0161401353303,School
29200040050004,77.5349807739258,13.0230391357221,School
29200070030011,77.7170705795288,12.9951492687801,School
29200040050005,77.5464391708374,13.0152411605294,School
29200040050003,77.5453448295593,13.0118542959551,School
29200090090003,77.7346486272,12.8330686794,School
29200090110006,77.8002939813,12.8003122409,School
29200070030008,77.7115774154663,12.9845695337187,School
29200040050001,77.5409030914307,13.0083210360739,School
29200090040006,77.7281730661,12.7962728701,School
29200090100006,77.7783176849,12.9122317394,School
29200080070005,77.6081514358521,12.9908839752675,School
29200090100007,77.7750581116,12.9291826,School
29200090080004,77.6498726663,12.7503564131,School
29200090010006,77.6946942831,12.7095790617,School
29200080070012,77.6129579544067,13.0072756832639,School
29200080070010,77.6188802719116,13.0065648408365,School
29200090070008,77.7122177976,12.803218553,School
29200080070007,77.6078939437866,12.9889185702683,School
29200080070009,77.6072072982788,12.9863677022927,School
29200080040004,77.6313257217407,13.0228300779266,School
29200080040009,77.6237726211548,13.0136731734231,School
29200080010004,77.6143741607666,13.01183338924,School
29200080060006,77.602744102478,12.9840049897381,School
29200080060001,77.6026582717896,12.9838795353461,School
29200090080005,77.6732608349,12.7760743033,School
29200080060007,77.6036882400513,12.988834935668,School
29200080060012,77.6005983352661,12.9883331274751,School
29200080060005,77.5913715362549,12.98523862122,School
29200030060020,77.5901699066162,12.964997927598,School
29200070010011,77.7589988708496,13.0033033024082,School
29200080020013,77.6199960708618,12.9982854672626,School
29200080020003,77.6248025894165,13.0068157266318,School
29200010020001,77.366623878479,12.9340482305815,School
29200080020007,77.6406383514404,13.0064393978438,School
29200080020009,77.643985748291,13.0076938249166,School
29200080020004,77.6451015472412,13.0098681501466,School
29200080020008,77.6440286636353,13.0088228038577,School
29200080020002,77.6284074783325,12.9963619368915,School
29200080040001,77.6580190658569,13.0152202540999,School
29200080040010,77.6263046264648,13.0226628315631,School
29200070060004,77.6613664627075,13.0542076773509,School
29200080040003,77.6187086105347,13.026091359444,School
29200080040008,77.6185369491577,13.026091359444,School
29200080040011,77.6181936264038,13.024251667457,School
29200080010007,77.6089668273926,13.0104535421436,School
29200080010011,77.6090955734252,13.0116661354554,School
29200080010010,77.6090097427368,13.0132132286572,School
29200080010009,77.6089024543762,13.0197987200666,School
29200080010006,77.6113486289978,13.0291226402938,School
29200080010002,77.602915763855,13.0232690990934,School
29200080010005,77.5945901870728,13.0173527008269,School
29200080010001,77.5889682769775,13.0228300779266,School
29200080010008,77.6027011871338,13.0057285530198,School
29200080050011,77.6242661476135,12.9787149412399,School
29200080050010,77.6236438751221,12.9786313032054,School
29200080050006,77.6437711715698,12.9815167991334,School
29200080050004,77.641453742981,12.9869113320903,School
29200080050002,77.6401662826538,12.9823113501011,School
29200080050007,77.6450157165527,13.0081537799204,School
29200080050001,77.6592636108398,13.008906431723,School
29200030030020,77.6280856132507,12.972692930843,School
29200020020012,77.5579619407654,12.964642446154,School
29200070050004,77.6763439178467,13.0117915758044,School
29200060070017,77.4337863922119,13.0484592477557,School
29200070050002,77.6768589019775,13.0179798875489,School
29200060020016,77.6149749755859,13.1184764518452,School
29200010050027,77.4881601333618,12.9071209618448,School
29200060020030,77.6141595840454,13.033199131889,School
29200050040012,77.5655794143677,12.9896294632335,School
29200050040004,77.5699996948242,12.984736805763,School
29200050040005,77.5669097900391,12.9826040787647,School
29200060110016,77.6040744781494,13.115383574636,School
29200050040013,77.5673818588257,12.9723583704339,School
29200050040009,77.567982673645,12.9711874054584,School
29200050040010,77.5693559646606,12.9962783047982,School
29200050040014,77.5681114196777,12.9864095200117,School
29200050040015,77.5662231445312,13.0085301061072,School
29200060060005,77.5028371810913,13.208027590984,School
29200060070020,77.5687551498413,13.0086973620069,School
29200050040011,77.5609016418457,13.0095754536299,School
29200060110008,77.6097822189331,13.1022175135578,School
29200050020003,77.5478982925415,13.0475812940136,School
29200050020005,77.547812461853,13.0537269047265,School
29200050020001,77.5465250015259,13.052347291133,School
29200050020002,77.5777244567871,13.0325301737698,School
29200050020004,77.5712013244629,13.0428152050186,School
29200050020006,77.578239440918,13.0442784877274,School
29200040030007,77.4988460540771,13.0082374080113,School
29200040030001,77.5069999694824,13.0073174974609,School
29200040030008,77.5028371810913,13.0112898140278,School
29200090070009,77.7181954742,12.8215933305,School
29200040030005,77.4989748001099,13.0095754536299,School
29200040030009,77.5112056732178,13.0183561988203,School
29200010050007,77.5030946731567,12.9726406558087,School
29200040030003,77.5451946258545,12.9787149412399,School
29200030060011,77.6209831237792,12.9238005248958,School
29200040030006,77.4560165405273,13.0222865268325,School
29200090030008,77.6159694432,12.8074454049,School
29200090030009,77.6015599107,12.8214906654,School
29200090010007,77.7522129593,12.7145245294,School
29200090050003,77.65969,12.7249086045,School
29200090050004,77.6853632062,12.7297349527,School
29200030060015,77.6008558273315,12.9432917183095,School
29200010050022,77.5033950805664,12.9824368052849,School
29200030060004,77.5993967056274,12.9460939749544,School
29200060010010,77.6704216003417,13.139247875306,School
29200010040002,77.5893974304199,12.9475160035898,School
29200010030010,77.4470901489258,13.026091359444,School
29200030040015,77.5983452796936,12.9521584523503,School
29200040030002,77.4663162231445,13.0349969478757,School
29200040030010,77.5009918212891,13.0380072151692,School
29200040030004,77.4597930908203,13.0634257888981,School
29200010050017,77.5106906890869,12.9257664439062,School
29200070060010,77.6779317855834,13.0650770695962,School
29200060010013,77.6747560501099,13.1265846208804,School
29200010010021,77.4395799636841,12.8752541525225,School
29200060020012,77.607078552246,13.0523890977186,School
29200060070007,77.4293231964111,13.1234500511661,School
29200060100016,77.5594854354858,13.1008799695265,School
29200010040007,77.5769519805908,12.9138870379438,School
29200010060011,77.4659514427185,12.9290708260859,School
29200070010019,77.7579689025879,13.0028015234596,School
29200010100009,77.5168919563293,12.7964430323458,School
29200060110006,77.5903844833374,13.1194795388009,School
29200090090004,77.7143581077,12.8387216557,School
29200090010008,77.7287281073,12.7019258626,School
29200010040006,77.5776386260986,12.9135523986092,School
29200090050005,77.664913,12.7404473211,School
29200010040012,77.5691413879395,12.9214999617182,School
29200090050006,77.6391786226,12.6984435138,School
29200090100008,77.806835737,12.8624156405,School
29200040010015,77.5336933135986,12.9839840806772,School
29200090100009,77.7514699225,12.9114957487,School
29200090110007,77.7578619861,12.8845418914,School
29200010070003,77.563304901123,12.9458430278825,School
29200050010003,77.6007270812988,13.0396795700633,School
29200040010013,77.5364828109741,12.98674406151,School
29200040010006,77.5301313400269,12.9816422547182,School
29200060080007,77.5846767425537,13.1061465071184,School
29200040010002,77.5261831283569,12.979676776614,School
29200090040007,77.718729233,12.7912811395,School
29200090110008,77.784191,12.828083,School
29200090110009,77.775580486,12.8820269412,School
29200090060010,77.6510699407,12.8096460299,School
29200060080004,77.5900411605834,13.1078601974301,School
29200040010001,77.5264406204224,12.9851131674508,School
29200060080019,77.5883674621582,13.1101172347513,School
29200070050017,77.6960420608521,13.0161401353303,School
29200060080002,77.5809001922607,13.1067316710056,School
29200060080017,77.5819730758666,13.1091559065717,School
29200040010016,77.5213766098022,12.9818931656979,School
29200060080016,77.5807285308838,13.1099500475116,School
29200090050007,77.6919215694,12.6721059672,School
29200090040008,77.7504655886,12.789120642,School
29200060080018,77.5784540176392,13.1109531692453,School
29200040010017,77.5202178955078,12.9794258633969,School
29200060080005,77.5780248641968,13.1089051246897,School
29200060080006,77.5788402557373,13.1068570630861,School
29200070050008,77.7096033096313,13.0211157973485,School
29200060080001,77.5764799118041,13.104767186736,School
29200030060013,77.6118421554565,12.9222528756368,School
29200060080012,77.575364112854,13.1038058376558,School
29200040010005,77.523307800293,12.9775440061964,School
29200060080008,77.5913286209106,13.0967418966664,School
29200040010011,77.5187587738037,12.9721492699497,School
29200060080003,77.5900840759277,13.097954066625,School
29200040010003,77.5239086151123,12.9883331274751,School
29200070050003,77.7188301086426,13.0269693894385,School
29200040010008,77.5206470489501,12.9859495247159,School
29200040010010,77.5181150436401,12.9854477106947,School
29200050040006,77.5018501281738,12.9559643593241,School
29200060080015,77.5864362716675,13.0995424182285,School
29200090080006,77.6645069404,12.8081304978,School
29200030070018,77.6508951187134,12.922754816988,School
29200090010009,77.6952998828,12.708590679,School
29200040010009,77.5188875198364,12.9828549887733,School
29200090040009,77.7156235345,12.7778459296,School
29200060080011,77.5881958007812,13.0996260153975,School
29200090050008,77.6542533119,12.7356352462,School
29200040010007,77.515926361084,12.9810149761608,School
29200090030010,77.5498762063,12.8414315188,School
29200060080021,77.6004266738892,13.1054777466863,School
29200060080013,77.6016712188721,13.1071496443589,School
29200060080010,77.6029586791992,13.1096574695688,School
29200040010004,77.5152826309204,12.9779621979165,School
29200030070021,77.6491355895996,12.9266448282477,School
29200090060011,77.5757537561,12.7464988888,School
29200070050013,77.6945400238037,12.9970309926243,School
29200090020008,77.713587382,12.7372232229,School
29200030070019,77.6317977905273,12.9059810639208,School
29200080060013,77.5924444198608,12.9688872796371,School
29200020020011,77.5641202926636,12.9588919404976,School
29200070010016,77.7386569976807,12.9981182043438,School
29200040080022,77.5116348266602,12.9920548474487,School
29200060010015,77.6757001876831,13.1337730830615,School
29200010070004,77.5581121444702,12.9550442552759,School
29200050050002,77.562403678894,13.0303351422433,School
29200030050007,77.5793552398682,12.8683719791074,School
29200070060011,77.6528477668762,13.0545107726551,School
29200050010006,77.6041603088379,13.0429824377664,School
29200020040009,77.5634336471558,12.9646319908097,School
29200010010022,77.4455881118774,12.8751077252679,School
29200100010006,77.6308536529541,12.9743657261376,School
29200020020006,77.5657939910889,12.9633250693162,School
29200010080007,77.5382316112518,12.8680477383148,School
29200060070003,77.4144744873047,13.1185182472167,School
29200030070005,77.6348876953125,12.9028437033526,School
29200060100006,77.5705575942993,13.0956133192727,School
29200020020017,77.5550651550292,12.9644960712941,School
29200100010007,77.6051473617554,12.9440027416347,School
29200020020007,77.5554943084717,12.9654161404116,School
29200100010008,77.5713729858398,13.0050595207364,School
29200060020032,77.6121854782104,13.0786840380405,School
29200070020021,77.6794767379761,12.9299491987992,School
29200060110007,77.6321840286255,13.0913079580226,School
29200030070001,77.6501655578613,12.8912978776335,School
29200020020002,77.5461387634277,12.9567171691988,School
29200020020003,77.5712013244629,12.9580973147251,School
29200020020009,77.5708150863647,12.958724651072,School
29200030020011,77.6062631607056,12.9188647451285,School
29200100010011,77.6142024993896,12.952743980285,School
29200070020009,77.6794338226318,12.9117537045085,School
29200070020004,77.6826095581055,12.9088674008771,School
29200070020017,77.6841115951538,12.912464817677,School
29200100010005,77.5380277633666,12.9777949213128,School
29200060010014,77.6076793670654,13.1028444848208,School
29200030020004,77.5909423828125,12.9295309264641,School
29200060050005,77.6030445098876,13.1068988604321,School
29200060050017,77.6046323776245,13.1062301020446,School
29200060050004,77.6063060760498,13.1063554943807,School
29200070100001,77.6845407485962,12.9174007238988,School
29200060050025,77.6008129119873,13.1083199659711,School
29200030020010,77.5943756103516,12.9239260095505,School
29200100010003,77.6069927215576,12.9881240404289,School
29200060050007,77.5994825363159,13.1074840225304,School
29200020030012,77.5430059432983,12.9684690726575,School
29200070100012,77.6909780502319,12.9305766059874,School
29200060050012,77.6048898696899,13.1078184002474,School
29200080060003,77.5913715362549,12.9682599689041,School
29200060050026,77.6008558273315,13.1080691832371,School
29200010030012,77.4291515350342,12.926979450041,School
29200030020003,77.5958347320557,12.9225875033164,School
29200020010007,77.5454306602478,12.9574281542131,School
29200060050022,77.6060485839844,13.1076094142275,School
29200060050015,77.607593536377,13.1072332389444,School
29200060050009,77.6098251342773,13.1069824551028,School
29200030070013,77.6286220550537,12.912130176438,School
29200070060016,77.6717948913574,13.0660594718605,School
29200020030011,77.5252389907837,12.9530785670584,School
29200060010016,77.7021789550781,13.1716344136739,School
29200060050021,77.6170349121094,13.1059375196785,School
29200060020003,77.6154899597167,13.0318612138427,School
29200020010010,77.5568032264709,12.9582227821209,School
29200060070012,77.4284648895264,13.0558172136771,School
29200020030010,77.5233936309814,12.954333263456,School
29200020010002,77.5582408905029,12.9591846967219,School
29200010080018,77.49755859375,12.8151072008601,School
29200060050024,77.6377630233765,13.1583877919297,School
29200020010001,77.5581336021423,12.9579927585137,School
29200060050002,77.6053619384766,13.109323094351,School
29200020030004,77.5094890594482,12.9581809596627,School
29200060050013,77.5996971130371,13.1090723126395,School
29200020010005,77.5339722633362,12.9513428932906,School
29200020010013,77.5327277183533,12.9519284231422,School
29200020030005,77.5244235992432,12.9471814093467,School
29200060050023,77.611198425293,13.1097828601583,School
29200010120001,77.5637340545654,12.9479551578521,School
29200060050014,77.6159620285034,13.1102008283285,School
29200030020002,77.591028213501,12.9360140688697,School
29200060050008,77.6004695892333,13.1095320789154,School
29200020030013,77.5251531600952,12.9489380241111,School
29200020030009,77.5207757949829,12.9483524872321,School
29200030020012,77.5921440124512,12.9444628144704,School
29200020010014,77.5431561470032,12.9531203903735,School
29200020010003,77.5407528877258,12.9551906356928,School
29200020010012,77.5391006469727,12.956445321451,School
29200020010009,77.5429201126099,12.9608157608127,School
29200020030003,77.5133514404297,12.9602720739697,School
29200020030006,77.5248956680298,12.9560898277946,School
29200030050001,77.5932168960571,12.9189065741804,School
29200020020014,77.5675964355469,12.9620704182263,School
29200090090008,77.7209849532,12.8718244236,School
29200060040008,77.5564384460449,13.0875877309145,School
29200060040007,77.5591850280762,13.0913915579865,School
29200060040022,77.5595712661743,13.0905973571842,School
29200100010009,77.549786567688,13.0186070726837,School
29200060040006,77.5572538375854,13.0931471506754,School
29200060040005,77.5558805465698,13.0923111557171,School
29200060040013,77.5531339645386,13.0921857562287,School
29200060040009,77.55446434021,13.093690545877,School
29200060040003,77.5619745254517,13.088883546731,School
29200020020010,77.5687980651855,12.9631159612404,School
29200060040016,77.5641202926636,13.0884655423734,School
29200060040014,77.5662231445312,13.0882565399287,School
29200060040021,77.5698280334473,13.0872115250464,School
29200060040012,77.5705146789551,13.0863755099504,School
29200060040010,77.569785118103,13.0801889101193,School
29200060040004,77.5633907318115,13.078349620776,School
29200060040020,77.5669097900391,13.08077413567,School
29200030050002,77.57643699646,12.8970290243807,School
29200060040018,77.5682830810547,13.0773881686146,School
29200060040015,77.5700426101685,13.0772209591605,School
29200060040019,77.5716304779053,13.0785586316194,School
29200080040002,77.626690864563,13.0139240520266,School
29200030050009,77.5676393508911,12.8888715131978,School
29200060070024,77.5509881973267,13.0865845139902,School
29200060070023,77.5508165359497,13.0852886860862,School
29200060070019,77.5451517105103,13.0910989579887,School
29200060070005,77.542405128479,13.0913079580226,School
29200070010005,77.7705860137939,12.9966964649833,School
29200020020016,77.5662660598755,12.960899404837,School
29200060070010,77.547082901001,13.0900957553585,School
29200060010017,77.7201175689697,13.1340656322994,School
29200030050005,77.5651931762695,12.8775760589839,School
29200010010009,77.4714660644531,12.8464481743067,School
29200050050004,77.5707077980042,13.000940751,School
29200060100011,77.5914144515991,13.0989990359382,School
29200070060019,77.6586520671844,13.0839719507544,School
29200060010019,77.727928161621,13.1379941168682,School
29200060050011,77.4331855773926,13.0616699846504,School
29200060050018,77.654070854187,13.1647813612605,School
29200060020022,77.6040315628052,13.0453654921349,School
29200010060016,77.4555444717407,12.9298237171723,School
29200060110017,77.6310682296752,13.093941343258,School
29200060100005,77.5891828536987,13.1011307595859,School
29200060100012,77.5914144515991,13.0953207242894,School
29200060100010,77.589225769043,13.1010471629278,School
29200060100013,77.5876379013062,13.1020921191135,School
29200060100007,77.581672668457,13.1002111947858,School
29200060100009,77.5835180282593,13.1002111947858,School
29200060100001,77.5768661499023,13.1007127760116,School
29200060100015,77.5784111022949,13.1036804440206,School
29200060100002,77.5772953033447,13.1037640397845,School
29200060100008,77.5772523880005,13.1021339172687,School
29200060100003,77.5777673721313,13.1046417935907,School
29200060100014,77.5796985626221,13.1048925798175,School
29200060100004,77.5757074356079,13.1035550503217,School
29200060100017,77.5755786895751,13.1059375196785,School
29200060020033,77.6081943511963,13.0539359364172,School
29200060060019,77.5788402557373,13.1063972918118,School
29200070080007,77.6140308380126,13.061210129094,School
29200060060011,77.5990533828735,13.0995424182285,School
29200030070014,77.6297378540039,12.8675352278199,School
29200060060014,77.5896978378296,13.1051433657888,School
29200060060015,77.5887966156006,13.1084035601589,School
29200060060016,77.5755786895751,13.1075676170022,School
29200060060021,77.5866937637329,13.1034714544868,School
29200060030016,77.5125789642333,13.048793705504,School
29200060030019,77.515025138855,13.050424180547,School
29200070010009,77.7567672729492,12.9856567999933,School
29200060030017,77.5157976150513,13.0510512834692,School
29200010010016,77.4621963500977,12.8342721050849,School
29200060030014,77.5181150436401,13.0519292248872,School
29200060030011,77.5181579589844,13.0543958055145,School
29200060030018,77.5204753875732,13.0569041673427,School
29200060030013,77.5152397155762,13.0558590196757,School
29200060030012,77.5219345092773,13.0541867742128,School
29200060030005,77.5197887420654,13.0621716442807,School
29200060030003,77.5182867050171,13.0645127090808,School
29200050050007,77.5633263587952,13.0176872006095,School
29200060030010,77.5529193878174,13.0902629560806,School
29200060030008,77.5485849380493,13.0579075049434,School
29200070090006,77.7596426010132,13.0625478883348,School
29200060010020,77.7045822143555,13.0995842168166,School
29200020020013,77.5658369064331,12.9637432849408,School
29200060020004,77.6136445999146,13.0456581463513,School
29200020020015,77.5493144989014,12.9596029193023,School
29200020030007,77.5346374511719,12.9545423789079,School
29200010080008,77.5365257263184,12.8619812204023,School
29200070040022,77.6676750183105,12.9641614998626,School
29200070040003,77.6705074310303,12.9628232096391,School
29200070040004,77.662181854248,12.9818095287328,School
29200070040011,77.6592636108398,12.9893367428472,School
29200070040006,77.6820945739746,12.9873295080482,School
29200070040002,77.6656150817871,12.993016631182,School
29200070040016,77.6487922668457,12.9672562684415,School
29200070040001,77.6640701293945,12.9545423789079,School
29200070040020,77.6487922668457,12.9726092907829,School
29200070080008,77.662010192871,13.0247115917348,School
29200070080002,77.67333984375,13.0327392233763,School
29200070080001,77.6494789123535,13.0263840364547,School
29200070080006,77.644157409668,13.0256314377283,School
29200030050008,77.5758361816406,12.904098652303,School
29200030050013,77.5701713562012,12.8808392425139,School
29200030050011,77.5740337371826,12.9308693954687,School
29200030050006,77.5917148590088,12.9036385050857,School
29200030050003,77.5925731658936,12.8882858355008,School
29200030050010,77.5845909118652,12.902132562819,School
29200030040003,77.558970451355,12.8586654925867,School
29200030040008,77.5554513931274,12.8652759854009,School
29200030040001,77.5622320175171,12.8644392237859,School
29200030040007,77.562403678894,12.8732250815181,School
29200010090001,77.5592708587646,12.9087837394052,School
29200030040013,77.5581121444702,12.8640208419318,School
29200010090003,77.5394439697266,12.9289453440174,School
29200030040002,77.5960493087769,12.8894990234958,School
29200030040010,77.5938177108765,12.8842697229647,School
29200030040006,77.5949764251708,12.8884531721254,School
29200030040011,77.5931739807129,12.9508619213117,School
29200030040016,77.59192943573,12.9522420992824,School
29200010120006,77.5257968902588,12.9403639538404,School
29200030040012,77.6039457321166,12.9600211411802,School
29200030040017,77.6019287109375,12.9626977445618,School
29200030040005,77.6046752929688,12.9631996044918,School
29200030040004,77.5953197479248,12.952743980285,School
29200030040014,77.5954914093018,12.9334626587353,School
29200030070008,77.6514101028442,12.9264775171828,School
29200030070016,77.6488780975342,12.914472655701,School
29200030070010,77.6381492614746,12.8814249376236,School
29200030070009,77.6520109176636,12.8910887092118,School
29200030070004,77.6561307907104,12.8924273840906,School
29200030070006,77.6347589492798,12.8843952274562,School
29200030070002,77.6370334625244,12.8775760589839,School
29200030060014,77.6359176635742,12.9222528756368,School
29200080040006,77.6119709014893,13.0234572507839,School
29200010080003,77.5352382659912,12.9098713363551,School
29200010090007,77.5545930862427,12.8945608823815,School
29200030060001,77.604718208313,12.9389000587145,School
29200030060019,77.6060056686401,12.9412841120923,School
29200030060005,77.600040435791,12.9427061681661,School
29200030060012,77.6124429702759,12.9394856177961,School
29200030060007,77.607979774475,12.9386491044015,School
29200030060006,77.6029586791992,12.9147236343196,School
29200030060016,77.6089668273926,12.9079471231471,School
29200010090015,77.5610303878784,12.9066503624143,School
29200010090014,77.5710296630859,12.9056882452665,School
29200030060018,77.6157903671265,12.9502763889536,School
29200030060009,77.6134300231934,12.9516147466072,School
29200010010011,77.4343872070312,12.8896245253666,School
29200030060003,77.6254892349243,12.9245116037716,School
29200030060002,77.637505531311,12.9272722437421,School
29200030060010,77.6214122772217,12.9337972713871,School
29200030010002,77.6068210601807,12.9005011151314,School
29200030010003,77.6030015945435,12.8991206510853,School
29200030010001,77.6028299331665,12.8914233786026,School
29200030010015,77.6043319702148,12.881383102304,School
29200030010013,77.6002550125122,12.876697502312,School
29200030010008,77.5916719436646,12.8782454334287,School
29200030010009,77.5978088378906,12.8742291599441,School
29200030010006,77.5965642929077,12.8687903537042,School
29200030010014,77.6272487640381,12.878454612576,School
29200080020001,77.6434278488159,13.0070457050545,School
29200030010011,77.6213693618774,12.902969198531,School
29200030010005,77.6178073883057,12.8916743803521,School
29200030010004,77.6149320602416,12.9019234034537,School
29200030010016,77.6296091079712,12.8994134774286,School
29200040040002,77.5317192077637,12.9931838975379,School
29200070080016,77.6400804519653,13.0337844687603,School
29200070060007,77.68630027771,13.0665611225727,School
29200020040001,77.5636053085327,12.964914284951,School
29200040080005,77.4886322021484,13.0281400912553,School
29200040080008,77.4518966674805,13.0057285530198,School
29200040080016,77.4841690063477,13.0142585564363,School
29200040080024,77.4271774291992,13.0122515232077,School
29200040080013,77.4371337890625,13.026300414487,School
29200040080015,77.4824523925781,13.0490445485183,School
29200040080026,77.4800491333008,13.030983201195,School
29200040080004,77.4326705932617,13.0416863810137,School
29200040080001,77.4076080322266,13.0493790054747,School
29200040080018,77.4158477783203,13.0684423036645,School
29200010020017,77.4608445167542,12.8974264348,School
29200040080006,77.4395370483398,13.0654324070367,School
29200040080010,77.4680328369141,13.0543958055145,School
29200040080017,77.4618530273438,13.066770143402,School
29200040080014,77.4570465087891,13.095864114696,School
29200040080011,77.5033950805664,13.0590780603272,School
29200040080023,77.5092315673828,13.0697800237184,School
29200040080020,77.4979019165039,13.0443621036207,School
29200040080025,77.3976516723633,13.1580534830616,School
29200040080027,77.4412536621094,13.1216110849918,School
29200040080028,77.4237442016602,13.1309729512954,School
29200060020013,77.6205539703369,13.1014233476656,School
29200040080007,77.4639129638672,13.1319759872397,School
29200040080003,77.4721527099609,13.1239515850073,School
29200040080012,77.4781608581542,13.145015081626,School
29200040080002,77.4457168579102,12.9911766938303,School
29200040070006,77.5098752975464,13.0408920202926,School
29200040020004,77.5210762023926,13.0518038048755,School
29200060020017,77.6123142242432,13.0772209591605,School
29200060020023,77.6089668273926,13.1107859825737,School
29200010080013,77.5033092498779,12.8016323120526,School
29200010030003,77.3604011535645,12.95739678727,School
29200060110002,77.6342439651489,13.0997932096504,School
29200010100017,77.5004768371582,12.8062774637872,School
29200010100015,77.4951124191284,12.7684860448476,School
29200010120004,77.5301313400269,12.9098295057906,School
29200010090010,77.5313758850098,12.9058555702538,School
29200010090012,77.5470399856567,12.8958158728806,School
29200010090009,77.5589275360107,12.9099549974629,School
29200010100010,77.5201320648193,12.8012975230356,School
29200010100002,77.5209045410156,12.7938902023454,School
29200080030001,77.6061344146729,13.0194851292056,School
29200060010024,77.6685333251953,13.1326864685551,School
29200010020022,77.7005910873413,13.1895600884907,School
29200010100005,77.5185871124268,12.7957734400908,School
29200010100006,77.3909568786621,12.8230578840981,School
29200080020011,77.6432776451111,13.0071502406306,School
29200060060002,77.5095748901367,13.1860502695696,School
29200060020005,77.6330423355103,13.0288926823577,School
29200010080006,77.5430488586426,12.8958995386901,School
29200070010015,77.7717876434326,13.0421044645792,School
29200010080012,77.4879455566406,12.8669495002578,School
29200060070025,77.4528408050537,13.096031311503,School
29200010080001,77.3836612701416,12.8192499566094,School
29200050050012,77.5547540187836,13.0171331850992,School
29200010080019,77.5767374038696,12.8891643515326,School
29200060020018,77.6328277587891,13.1178913158976,School
29200010020027,77.3982954025269,12.9286525522788,School
29200010020004,77.389497756958,12.9149746126862,School
29200010020032,77.3814725875854,12.9110425893167,School
29200010020011,77.3801851272583,12.9289871713806,School
29200010020028,77.3833608627319,12.9364741564447,School
29200010020005,77.3888969421387,12.9351357175065,School
29200010030013,77.4069428443909,12.9570517506348,School
29200060110013,77.6217555999756,13.0928963524858,School
29200010020030,77.3770093917847,12.9092020464844,School
29200010030008,77.3770093917847,12.9121720066174,School
29200010020018,77.3911285400391,12.9076543067953,School
29200010020002,77.3841762542725,12.9125903080261,School
29200010020025,77.3840045928955,12.9065667002006,School
29200010020006,77.3814725875854,12.904265978354,School
29200010020014,77.3839616775513,12.909662183463,School
29200010010007,77.4586772918701,12.8921763830961,School
29200010010008,77.4602651596069,12.8635606210864,School
29200010010004,77.4661445617676,12.8551928221735,School
29200010010002,77.4684190750122,12.8525987478724,School
29200010010010,77.4724960327148,12.8440632175104,School
29200010010012,77.4530124664307,12.8869471384781,School
29200010010014,77.4664878845215,12.8851900877757,School
29200010010015,77.4844264984131,12.8790403132597,School
29200010060007,77.6620960235596,12.8313012220766,School
29200010060015,77.6573753356934,12.8272423533679,School
29200010060012,77.6656150817871,12.8306735662471,School
29200010060010,77.6571607589722,12.8298366893718,School
29200010060004,77.6563024520874,12.8289579656567,School
29200010060005,77.656044960022,12.8304225034768,School
29200010060002,77.6562595367432,12.8308827850309,School
29200010060013,77.6558303833008,12.8320125634567,School
29200010030025,77.4175214767456,12.9120046858578,School
29200010030018,77.4243021011353,12.9073196591162,School
29200010030022,77.4174356460571,12.9156857166891,School
29200010030001,77.4124574661255,12.9183209668162,School
29200010030014,77.4109125137329,12.9228384737818,School
29200010030002,77.4505233764648,13.0118752026685,School
29200010030020,77.4397087097167,13.020530430532,School
29200010030029,77.4349451065063,13.0215339156564,School
29200010030017,77.4330997467041,13.0232481933412,School
29200010030028,77.4421977996826,13.0237917423252,School
29200010030011,77.4327993392944,13.0301888061162,School
29200010030031,77.4218130111694,13.0401394656774,School
29200040090008,77.5463533401489,12.9952538093678,School
29200010030026,77.4129295349121,13.0479575602848,School
29200010030016,77.4043893814087,12.9631577828696,School
29200010030009,77.3950338363647,12.9139288678291,School
29200060060007,77.522406578064,13.1996714279416,School
29200010030023,77.4363613128662,13.0588690329869,School
29200010020019,77.3920512199402,12.9083445162188,School
29200100010010,77.6076364517212,12.9902985371069,School
29200060020029,77.6187944412231,13.1020085227819,School
29200100010001,77.5714159011841,12.97005825544,School
29200100010002,77.6189875602722,12.9561734734064,School
29200100010004,77.6042032241821,12.9470559363898,School
29200010040001,77.5772953033447,12.9409913348351,School
29200010120010,77.519702911377,12.9118373649863,School
29200010050028,77.4971294403076,12.9028018716125,School
29200010120002,77.5126647949219,12.9297818899493,School
29200060030002,77.5150680541992,13.0461180308487,School
29200070050001,77.7015352249146,13.0061466972806,School
29200070050018,77.7204608917236,13.0298961336025,School
29200070090019,77.7306747436523,13.0212830447564,School
29200070090025,77.7363395690917,13.0293107875372,School
29200010030021,77.446596622467,13.0179903406475,School
29200060110004,77.6232576370239,13.0893851510243,School
29200070090014,77.7325630187988,13.0366693231152,School
29200070090022,77.737455368042,13.0400976570205,School
29200070090005,77.7249240875244,13.043191478542,School
29200070090002,77.7195167541504,13.0645963181275,School
29200070090009,77.733850479126,13.0615027645472,School
29200070090003,77.7185726165771,13.0839928513702,School
29200070090001,77.7134227752686,13.0810667479244,School
29200070090010,77.7096462249756,13.0561516614681,School
29200070060006,77.6985740661621,13.0512185106463,School
29200070090016,77.6853561401367,13.0537269047265,School
29200070060018,77.6911067962646,13.0716193769534,School
29200070060013,77.6693058013916,13.0779734008114,School
29200070020001,77.687029838562,12.9290708260859,School
29200070090008,77.7107620239258,13.0362512303649,School
29200070020002,77.6770305633545,12.9149746126862,School
29200010020007,77.3944330215454,12.9174007238988,School
29200070100002,77.7170276641846,12.9544169096578,School
29200010070006,77.5606441497803,12.9475160035898,School
29200070090018,77.741231918335,13.0956133192727,School
29200070090023,77.7542781829833,13.1083199659711,School
29200070090007,77.7510166168213,13.1016323389383,School
29200070090004,77.7510166168213,13.0950281289585,School
29200070090013,77.7534198760986,13.0729570797859,School
29200070090020,77.7565956115723,13.0689439495344,School
29200060040001,77.5596570968627,13.0901793557337,School
29200070090024,77.6950550079346,13.038592540668,School
29200010060018,77.6604652404785,12.8320544070047,School
29200060030004,77.5167417526245,13.0685259113803,School
29200070010018,77.752046585083,13.0421880812075,School
29200070010017,77.7625179290771,13.049880690061,School
29200060070006,77.5480270385742,13.0888417463272,School
29200060040024,77.5549793243408,13.0852886860862,School
29200030070020,77.6242017745972,12.8978238445882,School
29200010030006,77.4467897415161,13.0192760684112,School
29200010020008,77.3779106140137,12.917568041045,School
29200070010014,77.7577114105225,13.0428570132161,School
29200080030010,77.5933134555817,13.0143839954736,School
29200060060010,77.5246810913085,13.199880335502,School
29200060020006,77.5837755203247,13.056109855519,School
29200060020019,77.6258325576782,13.0808995409644,School
29200060020024,77.6060914993286,13.0737931403734,School
29200060110012,77.604546546936,13.1057285320613,School
29200010120007,77.5395727157593,12.9334835720392,School
29200060070018,77.4487209320068,13.1160941039234,School
29200050040001,77.566169500351,12.9907271616098,School
29200080050003,77.6440072059631,12.9862213402209,School
29200060060013,77.5281572341918,13.211745991592,School
29200060020007,77.5846338272095,13.0548138675876,School
29200060040011,77.4492359161376,13.1353612033061,School
29200060110003,77.5983238220215,13.1075258197698,School
29200060070001,77.4489784240723,13.0646381226402,School
29200030070015,77.656946182251,12.8855665996782,School
29200070030007,77.7185726165771,13.0031778577662,School
29200060040017,77.5742053985596,13.0775971802729,School
29200010100012,77.4968719482422,12.8049383297254,School
29200070030010,77.6881885528564,12.9956928793557,School
29200080070003,77.6138591766357,13.0015052564791,School
29200050040002,77.566169500351,12.990664436119,School
29200080050005,77.6236116886139,12.9785894841776,School
29200060060022,77.4843835830688,13.1913567620122,School
29200010020031,77.3943686485291,12.910728861383,School
29200010080010,77.5047254562377,12.8417619219509,School
29200060050003,77.6535987854004,13.1744340811208,School
29200060020031,77.6066923141479,13.0769701447668,School
29200060110014,77.599139213562,13.104558198125,School
29200010040005,77.5744521617889,12.9416709957979,School
29200090020009,77.766080292,12.7633615585,School
29200090050009,77.6505362072,12.70048289,School
29200090110010,77.7741087478,12.809087064,School
29200090040010,77.7099572147,12.7473257116,School
29200090110011,77.7643312248,12.8474872274,School
29200090010010,77.7000935793,12.7048482796,School
29200090070010,77.6992267215,12.7974693284,School
29200090040011,77.7260044736,12.7696666983,School
29200090080007,77.6499795323,12.7946302111,School
29200090040012,77.7397484644,12.8140867579,School
29200090020010,77.7597842011,12.7534162437,School
29200090020011,77.7218233434,12.715452211,School
29200090110012,77.758656487,12.83818524,School
29200090110013,77.7859664445,12.8375361804,School
29200090030011,77.5684722101,12.8315676811,School
29200090050010,77.6766817279,12.7111943364,School
29200090060012,77.6386554258,12.7553148625,School
29200090100010,77.797758951,12.8908924243,School
29200090060013,77.6195605752,12.7809833539,School
29200090110014,77.7822066457,12.8422948766,School
29200090110015,77.7621804112,12.8800068871,School
29200090010011,77.7350271321,12.7074862531,School
29200090030012,77.60899202,12.8323296262,School
29200090100011,77.7833324498,12.88997271,School
29200090040013,77.6991223523,12.7365774713,School
29200090090005,77.694291252,12.86110574,School
29200090110016,77.7892942883,12.7895215006,School
29200090090006,77.7420168121,12.8454257638,School
29200090030013,77.6150535925,12.816795929,School
29200030020006,77.5904273986816,12.9364323303366,School
29200010020003,77.3800563812256,12.9090347237367,School
29200010010001,77.4693202972412,12.8574939946843,School
29200070060015,77.653341293335,13.0693619869804,School
29200070050014,77.6982736587524,13.0136313602978,School
29200060010021,77.7102041244507,13.135946297649,School
29200010090005,77.5623178482056,12.9111262500325,School
29200070060003,77.6808929443359,13.0692365758209,School
29200070020003,77.6714086532593,12.9168987717877,School
29200010010005,77.4549436569214,12.8885786745205,School
29200010120005,77.5557518005371,12.92886168927,School
29200060030006,77.5195741653442,13.0555245714885,School
29200010020010,77.3890686035156,12.9097040140554,School
29200010090006,77.5626611709595,12.9072359971265,School
29200010010006,77.4564456939697,12.8897918610966,School
29200060030007,77.5161838531494,13.0523890977186,School
29200010050008,77.4920225143433,12.9316850214982,School
29200050040003,77.5675106048583,13.0103281011177,School
29200010100003,77.4882459640502,12.7555527993139,School
29200060050006,77.6017570495605,13.1103680153977,School
29200070100003,77.6850557327271,12.9250135405823,School
29200010040004,77.5923156738281,12.9058137390174,School
29200070100004,77.691535949707,12.9224201895326,School
29200010100004,77.4881601333618,12.7524135623474,School
29200030070011,77.6501226425171,12.8782035975783,School
29200060030009,77.5135660171509,13.0506332150312,School
29200060060006,77.5911569595337,13.1023847060507,School
29200010080009,77.5089740753174,12.8441887421167,School
29200070050006,77.6916217803955,13.0038050803419,School
29200010040003,77.569055557251,12.9371433732206,School
29200070020006,77.6729106903076,12.9150164423895,School
29200070030006,77.6761722564697,12.9942293097098,School
29200010050014,77.4979877471924,12.9562152962018,School
29200060060008,77.5795269012451,13.107066049745,School
29200060050010,77.6145458221436,13.1090305156627,School
29200070070010,77.6681041717529,12.9413259373867,School
29200070100007,77.6814079284667,12.9263520338106,School
29200010050015,77.4979877471924,12.9597283859394,School
29200060060009,77.5775957107543,13.1037640397845,School
29200010020013,77.388596534729,12.9037221682791,School
29200010060006,77.6559591293334,12.8261125535215,School
29200040020015,77.4894046783447,13.044780182663,School
29200030010007,77.6207685470581,12.881592278832,School
29200070050009,77.7074575424194,13.0098263363797,School
29200010050004,77.5075149536133,12.9266448282477,School
29200080050008,77.6471829414368,12.9861167958311,School
29200010090004,77.5453233718872,12.9198268115503,School
29200010040015,77.567081451416,12.9223365325987,School
29200070050020,77.6800560951233,13.005101335307,School
29200010040014,77.5676822662354,12.9179863334203,School
29200070070018,77.7514457702637,12.9787985792462,School
29200010050033,77.5169134140015,12.9773767293114,School
29200010040013,77.5803852081299,12.9459266769345,School
29200070040021,77.6656150817871,12.9935184299118,School
29200010090016,77.5607085227966,12.9121510915286,School
29200050050010,77.5582408905029,13.0248370254806,School
29200070030015,77.7056980133057,12.9992890424084,School
29200030050012,77.5891828536987,12.9032620203691,School
29200010050031,77.4770450592041,12.9319150693834,School
29200080040007,77.6217985153198,13.0188579462932,School
29200070080015,77.634973526001,13.0622552541201,School
29200030020009,77.6026582717896,12.9183209668162,School
29200080060009,77.5998687744141,12.9870158761458,School
29200060090013,77.5179648399353,13.0403485088557,School
29200060090018,77.51629114151,13.0420417520894,School
29200010010003,77.4364256858826,12.8642091138524,School
29200060020008,77.6106405258179,13.1079019946057,School
29200060070021,77.4645137786865,13.1074840225304,School
29200060090019,77.5201320648193,13.0405157432711,School
29200060090008,77.5219774246216,13.0394287175498,School
29200060090015,77.5101327896118,13.0454072999013,School
29200070020013,77.6849699020386,12.9129249486491,School
29200060020020,77.6478910446166,13.1241187627269,School
29200060020025,77.6237726211548,13.0342861849767,School
29200010030024,77.4510812759399,13.0227882663463,School
29200060090017,77.4992322921752,13.0468705672722,School
29200060090001,77.5255823135375,13.0708251124655,School
29200060090006,77.5275993347167,13.0751308314206,School
29200060090009,77.5217628479004,13.0709923262544,School
29200060090012,77.5179862976074,13.0735841254921,School
29200010020024,77.4345588684082,13.0446965669111,School
29200060090011,77.516827583313,13.0697382200765,School
29200060090007,77.5127077102661,13.0745455924799,School
29200060090005,77.552490234375,13.0798962968232,School
29200060090010,77.5466966629028,13.0796036831799,School
29200090110022,77.7946866015,12.8118354118,School
29200060060001,77.542061805725,13.2018022766755,School
29200060090016,77.5645923614501,13.0806069285115,School
29200060090003,77.5646352767944,13.0834494347847,School
29200060090020,77.542405128479,13.065014362936,School
29200060090021,77.5379848480225,13.0681078725182,School
29200060090014,77.5392293930054,13.0673135967298,School
29200060090004,77.5537776947021,13.0563188851939,School
29200060090002,77.5318479537964,13.0749218176725,School
29200060050019,77.6115417480469,13.1068570630861,School
29200070100009,77.7117490768433,12.9527858036563,School
29200010090011,77.5380277633666,12.8956067082345,School
29200010010019,77.4729251861572,12.8562388122933,School
29200010010020,77.4475622177124,12.823811093701,School
29200070100013,77.7132940292358,12.9533713301165,School
29200070100014,77.7132081985474,12.9524930399101,School
29200070040010,77.6759147644042,12.9505273315613,School
29200010080017,77.5055837631226,12.8096252678145,School
29200070050012,77.6683187484741,13.0159310717141,School
29200010020026,77.3895406723022,12.9273558990222,School
29200010050016,77.5082445144653,12.9250553686043,School
29200070020007,77.6759147644042,12.9122138367898,School
29200010020015,77.3919439315796,12.9096203528636,School
29200070070012,77.7047967910767,12.9610039598278,School
29200060060012,77.586350440979,13.1087797336529,School
29200010060008,77.6592206954956,12.8271168203021,School
29200010020016,77.3814296722412,12.9075288139682,School
29200070040005,77.6669883728027,12.9746166444613,School
29200010100007,77.3888969421387,12.8219699106929,School
29200070060014,77.6473331451416,13.053810517424,School
29200010030015,77.4231004714966,13.0288508718009,School
29200010100008,77.5324058532715,12.7947690483759,School
29200010120008,77.5422763824463,12.9428316433126,School
29200010060009,77.6572895050049,12.8284558364415,School
29200070020010,77.6720094680786,12.9088255701446,School
29200010050023,77.5081157684326,12.9269376223413,School
29200070080009,77.6583194732666,13.0266767131196,School
29200070080011,77.6665163040161,13.0283073339202,School
29200070050010,77.6830387115479,13.0078610813803,School
29200070100008,77.6834249496459,12.9273558990222,School
29200060050016,77.6030015945435,13.1102426251064,School
29200010020020,77.3949909210205,12.9285688974333,School
29200070020014,77.6838970184326,12.9309948765698,School
29200060060017,77.5742053985596,13.1072332389444,School
29200010030019,77.4479913711548,13.0272620654116,School
29200050010007,77.5722312927246,13.0032196726539,School
29200010050024,77.5232648849487,12.9831686259279,School
29200010100011,77.5001335144042,12.8043106081851,School
29200010020021,77.3849487304688,12.9348429330314,School
29200010020023,77.3894548416138,12.9104151330555,School
29200070050011,77.6723527908325,13.0085719200927,School
29200080020006,77.6290082931519,13.0064812121817,School
29200070040007,77.673511505127,12.9756203152243,School
29200050040007,77.5672960281372,13.0081955939694,School
29200070060017,77.6796913146973,13.0782242141848,School
29200070020016,77.6846694946289,12.9125484779168,School
29200070040008,77.6560020446777,12.9617358435343,School
29200070040009,77.6700782775879,12.9694309476596,School
29200060060018,77.5920581817626,13.1083617630686,School
29200080070001,77.6160049438477,13.0088228038577,School
29200010100013,77.4906492233276,12.7699090800188,School
29200010080015,77.502064704895,12.8005860948988,School
29200070080013,77.6183223724365,13.0643454909026,School
29200010020029,77.3797559738159,12.9030528619483,School
29200010080016,77.5069570541382,12.8128474871853,School
29200060030015,77.5139951705933,13.052598130541,School
29200070100011,77.6932096481323,12.926728483738,School
29200050040008,77.5671243667603,12.9991217801659,School
29200080040005,77.6215410232543,13.0174781382983,School
29200070040013,77.6692199707031,12.9692636653176,School
29200070040014,77.6791763305664,12.9655834253402,School
29200010030030,77.4204397201538,13.0435259434156,School
29200080020010,77.6186656951904,12.999749012994,School
29200030040009,77.6059627532958,12.9630741396041,School
29200070020019,77.6788330078125,12.9302001618637,School
29200080030006,77.6172387599945,13.0178649034354,School
29200020030008,77.5403451919556,12.9661689217049,School
29200070040015,77.655143737793,12.9685945348252,School
29200070030012,77.7242803573608,12.9961110405269,School
29200020020008,77.55304813385,12.9619449527695,School
29200070040017,77.6757431030273,12.9595610970758,School
29200010040009,77.570858001709,12.9475160035898,School
29200080030002,77.5996971130371,13.0006271362901,School
29200010040010,77.5642490386963,12.922754816988,School
29200030050004,77.5811147689819,12.8758189425604,School
29200040080021,77.4475193023682,13.1227813377856,School
29200010080020,77.5030088424683,12.8062356159555,School
29200040010012,77.530174255371,12.985322257031,School
29200040010014,77.3994541168213,13.0528489696944,School
29200040020005,77.4703073501587,13.0533924536535,School
29200040020021,77.4579477310181,13.0541867742128,School
29200040020003,77.4621963500977,13.0507586356368,School
29200010060017,77.4740409851074,12.9371433732206,School
29200010070001,77.5671243667603,12.9385236271503,School
29200010100001,77.5129222869873,12.8031388571279,School
29200050050005,77.5618886947632,13.0341189463509,School
29200040080019,77.4199247360229,13.0679406567751,School
29200010100019,77.5384140014648,12.8678280910881,School
29200010040008,77.5719738006592,12.9150582720857,School
29200010100018,77.4987173080444,12.777107841049,School
29200010090013,77.5475549697875,12.9041823153425,School
29200010070005,77.5540781021118,12.9417860151622,School
29200010030027,77.5038242340088,12.9879149532066,School
29200010100014,77.4915075302124,12.7731736598487,School
29200010100016,77.4966573715209,12.774764080901,School
29200010070002,77.553563117981,12.9471814093467,School
29200010020009,77.4387645721436,12.889038849431,School
29200010060019,77.4367904663085,12.9039313261401,School
29200080060008,77.5956952571869,12.9922012060832,School
29200080030009,77.5978946685791,13.0063139547875,School
29200080030008,77.593731880188,13.0121678964705,School
29200080010012,77.5932598114014,13.0143421824682,School
29200060060004,77.4864864349365,13.1941979862083,School
29200060020009,77.6488780975342,13.1287161054444,School
29200020010004,77.5449800491333,12.9505273315613,School
29200020010006,77.5475549697875,12.9577627346939,School
29200020010008,77.5399589538574,12.9499836222586,School
29200070040018,77.6665592193604,12.9675071939367,School
29200070040019,77.6582336425781,12.9635759987752,School
29200070050007,77.7008056640625,13.024878836715,School
29200070050019,77.6797771453857,13.0023833735606,School
29200060070013,77.4763584136963,13.1124996405706,School
29200070050015,77.684154510498,13.0047250039181,School
29200020020004,77.5672960281372,12.9601047854715,School
29200070050016,77.7071571350098,13.004641374643,School
29200070070004,77.7017498016357,12.9661689217049,School
29200010050018,77.507107257843,12.9258082718021,School
29200060010009,77.7196025848389,13.1534149004638,School
29200020030001,77.5220632553101,12.9514892758826,School
29200020030002,77.5330495834351,12.9654579616543,School
29200020020005,77.5617599487305,12.9708528430243,School
29200070100005,77.7436351776123,12.9087837394052,School
29200070100015,77.7543640136719,12.9763730656381,School
29200070100010,77.772045135498,12.9735293298967,School
29200070020008,77.7189159393311,12.9214999617182,School
29200070020020,77.7365112304688,12.9199104693249,School
29200020010011,77.5562238693237,12.9553788389595,School
29200070020015,77.6760005950928,12.9079471231471,School
29200070030005,77.7322196960449,12.9946892896711,School
29200070030002,77.7020072937012,12.9890858393843,School
29200070030001,77.7235507965088,12.9759548712451,School
29200070030014,77.7661228179932,12.9951910850205,School
29200070010010,77.7487850189208,13.0880893378453,School
29200070010003,77.7761650085449,12.992682098132,School
29200070090011,77.7388286590576,13.0351641859083,School
29200070090012,77.7533340454102,13.0714521635895,School
29200070090015,77.7046680450439,13.0386761584833,School
29200070090021,77.6988315582275,13.0396795700633,School
29200070090017,77.7218341827393,13.0687767343577,School
29200070060005,77.6493072509766,13.0590780603272,School
29200070080014,77.6416683197021,13.0304814782839,School
29200070080012,77.6196098327637,13.0620880344131,School
29200030020007,77.6043319702148,12.9207888742664,School
29200030060017,77.628321647644,12.9219182475088,School
29200030020005,77.6074647903442,12.9192412063436,School
29200030070003,77.6451015472412,12.8935150521583,School
29200030070012,77.6318407058716,12.8832238497563,School
29200060010023,77.6598644256592,13.1453076174648,School
29200060010025,77.6644134521484,13.144430008902,School
29200060010002,77.6917505264282,13.1126250297114,School
29200060010006,77.6813650131226,13.1216946746618,School
29200060010003,77.6914501190186,13.1459762695008,School
29200060010001,77.6786613464355,13.1588474658787,School
29200060010022,77.6689624786376,13.1298027375166,School
29200060050020,77.6428699493408,13.1798243954225,School
29200060050001,77.6265621185303,13.1732222886933,School
29200030070023,77.6330423355103,12.9117537045085,School
29200030020013,77.595362663269,12.9287362070963,School
29200030070022,77.6274633407593,12.9059392327054,School
29200060010004,77.7058267593384,13.1817464942825,School
29200080060002,77.5999546051025,12.9836077172793,School
29200060010008,77.7141523361206,13.1798661803409,School
29200030020001,77.5943326950073,12.9295727537292,School
29200060010018,77.7222633361816,13.1602264825525,School
29200030060008,77.6205110549927,12.9187810870037,School
29200070010012,77.7515745162964,13.0054358516178,School
29200030060021,77.6117563247681,12.9207888742664,School
29200030020008,77.5757932662964,12.9532458602766,School
29200080010003,77.5970792770386,13.0028851533548,School
29200080020005,77.6442432403564,13.010265380581,School
29200080070006,77.6172494888306,12.9976582307359,School
29200080070011,77.6173782348633,12.9973655198144,School
29200060010005,77.7175855636597,13.1336894975009,School
29200080060010,77.6033878326416,12.9877476833022,School
29200080070002,77.608859539032,13.0025819948505,School
29200010010013,77.4380350112915,12.8668030681535,School
29200060020027,77.6506376266479,13.1293012156191,School
29200060020014,77.5823593139648,13.0569041673427,School
29200010050019,77.505841255188,12.9223992753018,School
29200010040011,77.5739479064941,12.9416396268712,School
29200060080020,77.55699634552,13.1785708445524,School
29200060040002,77.523136138916,13.1317252286377,School
29200070010001,77.7694702148438,13.0449474140821,School
29200060030001,77.5030088424683,13.0808995409644,School
29200070070001,77.71728515625,12.9682599689041,School
29200060080009,77.5699996948242,13.1228231324252,School
29200090050011,77.6666713728,12.7264863895,School
29200090050012,77.6125216994,12.6801584905,School
29200090090009,77.6820162556,12.8895910102,School
29200090050013,77.6927002522,12.7011646134,School
29200090040014,77.6897112559,12.7469716612,School
29200090100012,77.8039032857,12.8799387458,School
29200090080008,77.6487535539,12.7576647361,School
29200090010012,77.7465502014,12.7091351538,School
29200090090010,77.7022634426,12.8685823456,School
29200090060014,77.6218973683,12.7658071111,School
29200090060015,77.6120546513,12.7887987773,School
29200090080009,77.6449787946,12.7426819133,School
29200090070011,77.6686334347,12.831871208,School
29200090100013,77.7881107393,12.9126510026,School
29200090090011,77.7365348838,12.8484888666,School
29200090050014,77.6793684251,12.7210388269,School
29200090010013,77.7236757716,12.6901010749,School
29200090090012,77.6944392227,12.8531570953,School
29200090100014,77.762174062,12.9227945845,School
29200090020012,77.7073804253,12.7179707988,School
29200090090013,77.736529853,12.8207499763,School
29200090020013,77.7510440996,12.7388088787,School
29200090020014,77.7561615612,12.7555995935,School
29200090090014,77.7195140378,12.8617691538,School
29200090100015,77.7467017839,12.905256745,School
29200090080010,77.6809666045,12.7763724583,School
29200090010014,77.6981690397,12.6942623271,School
29200090050015,77.6789220026,12.7295899713,School
29200090030014,77.6180560078,12.8225091654,School
29200090040015,77.7419095477,12.7716410017,School
29200090040016,77.745490909,12.7778778664,School
29200090050016,77.638944,12.7171755976,School
29200090110017,77.7773611653,12.7915436446,School
29200090080011,77.6778542548,12.7943039391,School
29200090100016,77.7857403558,12.9242589994,School
29200090080012,77.6846735328,12.8001990105,School
29200090110018,77.7621911882,12.862024432,School
29200090050017,77.6328930764,12.737935896,School
29200090090015,77.7240581477,12.8547132891,School
29200090050018,77.6895396149,12.6794000804,School
29200090030015,77.5887943352,12.8295642673,School
29200090020015,77.7417496445,12.7593905144,School
29200090100017,77.7978033377,12.9067906584,School
29200090040017,77.7001016962,12.74235612,School
29200090050019,77.648298916,12.7066855178,School
29200090100018,77.7657668039,12.9145551332,School
29200090040018,77.686931055,12.7399769129,School
29200090050020,77.7072156378,12.6759149654,School
29200090020016,77.75573039,12.7462513523,School
29200090090016,77.7403188152,12.8609728478,School
29200090060016,77.5839227728,12.7321714168,School
29200090110019,77.7659308331,12.8328313363,School
29200090040019,77.7499428682,12.7854829608,School
29200090080013,77.6617997162,12.7490777541,School
29200090080014,77.6532109514,12.8009439079,School
29200090030016,77.5951162484,12.8190371867,School
29200090050021,77.6597746466,12.6966446908,School
29200090070012,77.7224350605,12.8115832227,School
29200090040020,77.722949013,12.7621022715,School
29200090020017,77.7387397872,12.7345558241,School
29200090080015,77.6503096516,12.7731218649,School
29200090060017,77.6055129927,12.737089938,School
29200090100019,77.8106438501,12.9215022818,School
29200090060018,77.6152492302,12.7669527842,School
29200090110020,77.7941962222,12.8030758394,School
29200090080016,77.6274785014,12.7832296717,School
29200090080017,77.6560953175,12.7931298227,School
29200090080018,77.6657575398,12.7885481842,School
29200090100020,77.8299915041,12.8710097525,School
29200090100021,77.8065837312,12.8719441872,School
29200090050022,77.6758523151,12.7157815182,School
29200090110021,77.786209,12.822894,School
29200090050023,77.6986514261,12.6643172853,School
29200090010015,77.7195961025,12.7047197003,School
29200090020018,77.7449116719,12.7638195488,School
29200090060019,77.6060610377,12.7511118207,School
29200090050024,77.6086389825,12.7207332261,School
29200090040021,77.6936335217,12.7713092735,School
29200090050025,77.6388222367,12.7227697176,School
29200090060020,77.6409959623,12.8101506941,School
29200090090017,77.7248156939,12.8371713082,School
29200090080019,77.6720744611,12.7601365822,School
29200090100022,77.7763348115,12.9205921091,School
29200090100023,77.822961655,12.8799402677,School
29200090060021,77.639227485,12.8334919594,School
29200090010016,77.703203517,12.7142629737,School
29200090020019,77.7376456961,12.7228918541,School
29200090060022,77.5747531584,12.7395723795,School
29200090100024,77.8218525943,12.8723022598,School
29200090080020,77.69314586,12.7827733439,School
29200090060023,77.5917631764,12.7385294179,School
29200090010017,77.7589185527,12.7097583881,School
29200090090018,77.746857495,12.8337372949,School
29200090030017,77.5851544416,12.8203957944,School
29200090030018,77.5790680244,12.8074865784,School
29200090040022,77.7296631391,12.7527124012,School
29200090030019,77.5519934757,12.8020083793,School
29200090060024,77.5748143712,12.7245751211,School
29200090050026,77.6960516533,12.6853000406,School
29200090080021,77.6629694738,12.7703640325,School
29200090110023,77.75569075,12.8305287994,School
29200090060025,77.5642695947,12.7290966169,School
29200090050027,77.6861570855,12.6672597224,School
29200090110024,77.7752391484,12.8677359793,School
29200090050028,77.657192,12.7283439425,School
29200090040023,77.678726173,12.7477046715,School
29200090010018,77.7081213972,12.7143136191,School
29200090110025,77.770849628,12.8428298375,School
29200090050029,77.6790488801,12.7014550392,School
29200090040024,77.7018682302,12.7229922192,School
29200090040025,77.6927541155,12.7540271903,School
29200090050030,77.689546093,12.6927262776,School
29200090040026,77.7247283867,12.7448258218,School
29200090010019,77.7528018263,12.7068812331,School
29200090050031,77.6466684061,12.7211313011,School
29200090050032,77.6156469201,12.7141169423,School
29200090070013,77.6690192712,12.8237370173,School
29200090080022,77.6430299349,12.7642171337,School
29200090070014,77.6976431199,12.8355283115,School
29200090060026,77.6302353676,12.7696743457,School
29200090030020,77.5894652519,12.8062751001,School
29200090070015,77.6732916761,12.837888372,School
29200090040027,77.6825697182,12.7525898558,School
29200090060027,77.6097457904,12.7469940125,School
29200090020020,77.7716779809,12.7788852473,School
29200090010020,77.6975934948,12.7106119597,School
29200090010021,77.6956720071,12.7076415818,School
29200090100026,77.7535680495,12.8775293701,School
29200090090019,77.7071423881,12.8614573116,School
29200090080023,77.6381164505,12.787865383,School
29200090090020,77.6568020893,12.8898621776,School
29200090090021,77.6790779127,12.8778074068,School
29200090110027,77.7871478086,12.8607958605,School
29200090110028,77.7871306739,12.8613646864,School
29200090060028,77.614555166,12.7924316107,School
29200090110029,77.8020417128,12.8266398642,School
29200090010022,77.697145058,12.7086225091,School
29200090020021,77.7710398646,12.7777297712,School
29200090100027,77.7519678767,12.8777274192,School
29200090050033,77.6778981656,12.7198107201,School
29200090080024,77.6365313246,12.7870516712,School
29200090110030,77.7873665567,12.8605767309,School
29200090060029,77.6568265326,12.8358648049,School
29200090010023,77.6919086915,12.7137899978,School
29200090100004,77.8017369899,12.8883881566,School
8884,77.5605392456055,13.1316146850586,Block
8885,77.6965030265185,12.9658037680146,Block
8882,77.4718485395178,13.0071852941362,Block
8879,77.4605560302734,12.8886213302612,Block
8883,77.5638453923513,13.0262327782329,Block
8886,77.6196819814084,13.0025765989721,Block
8880,77.5566329956055,12.9582099914551,Block
8881,77.604207226868,12.8868585743061,Block
8961,77.4442138671875,13.1037759780884,Cluster
414,75.63,16.22,District
433,77.42,13.04,District
413,74.82,16.12,District
424,76.53,15.11,District
417,77.23,17.95,District
415,75.95,16.79,District
439,77.1,11.96,District
441,77.46,13.26,District
442,74.5844061,16.4312671,District
429,75.69,13.45,District
425,76.52,14.17,District
436,75.27,12.84,District
426,75.95,14.41,District
421,75.1,15.28,District
420,75.61,15.45,District
416,76.88,17.05,District
435,76.11,13,District
423,75.45,14.7,District
437,75.8,12.32,District
431,78.02,13.37,District
419,76.22,15.56,District
443,77.209137,13.6523,District
434,76.8,12.61,District
418,76.89,16.09,District
444,77.276718,12.71454,District
427,75.22,14.04,District
430,76.9,13.43,District
428,74.88,13.47,District
422,74.62,14.79,District
445,75.69,13.45,District
8878,76.44,12.21,District
8941,77.5896072387695,12.9864959716797,Cluster
8907,77.6755065917969,12.8977870941162,Cluster
8877,77.54,12.76,District
8774,7.735884,12.9856898,Project
8775,77.69426,12.7081,Project
8776,77.56053925,13.13161469,Project
8777,77.523104,12.968124,Project
8778,77.594376,12.971606,Project
8779,77.6633084,12.8420391,Project
